especialista,n_treino,f1_macro,accuracy
CIÊNCIAS AGRÁRIAS,30721,0.8782069156310327,0.8781895504252734
CIÊNCIAS BIOLÓGICAS,21061,0.7459048787845319,0.7470093043863536
CIÊNCIAS DA SAÚDE,34171,0.7046552902900439,0.711593609176567
CIÊNCIAS EXATAS E DA TERRA,34951,0.9442275645012336,0.9443257676902537
CIÊNCIAS HUMANAS,33818,0.845439019257849,0.846557196081137
CIÊNCIAS SOCIAIS APLICADAS,34755,0.8675428015350718,0.8673469387755102
ENGENHARIAS,60466,0.8254896577629725,0.8259628000308713
"LINGUÍSTICA, LETRAS E ARTES",17950,0.9781620753691824,0.9781648037431765
MULTIDISCIPLINAR,22330,0.835968759674666,0.8369905956112853
