,precision,recall,f1-score,support
"ADMINISTRAÇÃO PÚBLICA E DE EMPRESAS, CIÊNCIAS CONTÁBEIS E TURISMO",0.5592369477911646,0.5234962406015038,0.5407766990291262,1064.0
"ARQUITETURA, URBANISMO E DESIGN",0.6985074626865672,0.6597744360902256,0.6785886901884969,1064.0
COMUNICAÇÃO E INFORMAÇÃO,0.7383348581884721,0.7584586466165414,0.7482614742698191,1064.0
DIREITO,0.8125585754451734,0.8148496240601504,0.8137024870952605,1064.0
ECONOMIA,0.624113475177305,0.6616541353383458,0.6423357664233577,1064.0
PLANEJAMENTO URBANO E REGIONAL / DEMOGRAFIA,0.5292338709677419,0.4934210526315789,0.5107003891050583,1064.0
SERVIÇO SOCIAL,0.6949443016281063,0.7622180451127819,0.7270282384580905,1064.0
accuracy,0.6676960257787325,0.6676960257787325,0.6676960257787325,0.6676960257787325
macro avg,0.6652756416977901,0.6676960257787325,0.6659133920813156,7448.0
weighted avg,0.6652756416977901,0.6676960257787325,0.6659133920813156,7448.0
