feature,gain
f1405,89.69416809082031
f108,54.40904998779297
f1878,49.62870788574219
f200,48.24653244018555
f1871,45.23101043701172
f1664,44.553470611572266
f1264,38.334041595458984
f496,36.550315856933594
f1826,33.699771881103516
f1375,32.42463684082031
f2057,28.360639572143555
f830,26.776132583618164
f1259,25.62180519104004
f889,24.61164093017578
f1021,22.12841033935547
f1429,20.222122192382812
f57,19.887041091918945
f519,19.248079299926758
f433,19.219009399414062
f1998,19.11018943786621
f1434,19.02099609375
f208,18.969223022460938
f1091,18.956134796142578
f1251,18.76980209350586
f489,18.476070404052734
f1084,18.46685028076172
f858,18.438425064086914
f399,17.67463493347168
f805,17.626352310180664
f910,17.09352684020996
f147,16.982219696044922
f1962,16.79191780090332
f2016,16.683881759643555
f265,16.53156089782715
f1576,16.212238311767578
f320,16.151689529418945
f1567,16.057466506958008
f300,15.57397747039795
f27,15.524720191955566
f1246,15.365110397338867
f351,15.359112739562988
f1540,15.05015754699707
f613,15.035361289978027
f744,14.854477882385254
f833,14.83504581451416
f283,14.74819564819336
f1261,14.696775436401367
f54,14.601310729980469
f161,14.574143409729004
f847,14.489250183105469
f188,14.306208610534668
f280,14.280303001403809
f1485,13.983396530151367
f59,13.827003479003906
f673,13.756926536560059
f886,13.71824836730957
f1002,13.690583229064941
f996,13.552252769470215
f1673,13.404539108276367
f862,13.229856491088867
f711,13.159581184387207
f45,13.081785202026367
f1392,13.014330863952637
f479,12.98955249786377
f236,12.98418140411377
f104,12.91821002960205
f103,12.890921592712402
f1001,12.696454048156738
f1431,12.529414176940918
f1087,12.418720245361328
f2,12.354264259338379
f954,12.331124305725098
f1933,12.319543838500977
f371,12.306865692138672
f1149,12.208950996398926
f39,12.098040580749512
f313,12.06838607788086
f984,11.995196342468262
f1955,11.91592788696289
f1783,11.747499465942383
f1125,11.702213287353516
f560,11.583171844482422
f1898,11.523126602172852
f1897,11.514724731445312
f1765,11.445158958435059
f15,11.38378620147705
f1515,11.33699893951416
f191,11.327292442321777
f1958,11.304412841796875
f357,11.234244346618652
f1516,10.979143142700195
f1785,10.978790283203125
f1573,10.962194442749023
f238,10.944029808044434
f63,10.933209419250488
f1281,10.873878479003906
f76,10.870469093322754
f87,10.854948997497559
f878,10.74081039428711
f1101,10.695940971374512
f199,10.672544479370117
f570,10.614437103271484
f1031,10.599786758422852
f1423,10.587715148925781
f759,10.55955982208252
f2048,10.538545608520508
f1191,10.525385856628418
f1076,10.482708930969238
f632,10.468134880065918
f1176,10.425117492675781
f1328,10.421760559082031
f1350,10.341039657592773
f1749,10.317338943481445
f82,10.305737495422363
f1460,10.271074295043945
f1882,10.263382911682129
f1379,10.137178421020508
f1068,10.125005722045898
f1503,10.123229026794434
f1715,10.113717079162598
f379,10.072288513183594
f1651,10.067331314086914
f431,10.043916702270508
f778,10.00101375579834
f6,9.99172592163086
f219,9.936022758483887
f162,9.928704261779785
f1774,9.892620086669922
f965,9.876333236694336
f1857,9.830573081970215
f2019,9.811681747436523
f118,9.80109977722168
f178,9.794733047485352
f56,9.790892601013184
f1789,9.786307334899902
f1136,9.727843284606934
f267,9.678439140319824
f1638,9.66669750213623
f1921,9.664392471313477
f1090,9.662487983703613
f945,9.568111419677734
f1438,9.566713333129883
f562,9.502635955810547
f638,9.498062133789062
f1860,9.489933967590332
f1533,9.48945140838623
f865,9.475715637207031
f1834,9.47066879272461
f135,9.453666687011719
f702,9.438760757446289
f1079,9.388896942138672
f1158,9.367236137390137
f1781,9.35681438446045
f1353,9.3421049118042
f1717,9.318766593933105
f1325,9.303876876831055
f195,9.297842979431152
f1591,9.292167663574219
f599,9.290164947509766
f421,9.285368919372559
f1010,9.283564567565918
f737,9.258082389831543
f95,9.227928161621094
f654,9.21437931060791
f1610,9.172677040100098
f2060,9.126059532165527
f627,9.1187162399292
f1223,9.064465522766113
f900,9.022689819335938
f1667,8.977527618408203
f1645,8.976997375488281
f1507,8.90876579284668
f1155,8.907078742980957
f767,8.871443748474121
f849,8.860246658325195
f1927,8.856145858764648
f1773,8.793386459350586
f852,8.748827934265137
f292,8.740304946899414
f546,8.707870483398438
f1092,8.707319259643555
f365,8.692569732666016
f2000,8.65746021270752
f372,8.648507118225098
f344,8.632627487182617
f402,8.59270191192627
f485,8.570147514343262
f2029,8.552003860473633
f1367,8.5435209274292
f1177,8.520999908447266
f724,8.47066879272461
f1171,8.468162536621094
f543,8.464273452758789
f227,8.437478065490723
f530,8.335389137268066
f994,8.325063705444336
f1128,8.308202743530273
f1889,8.301825523376465
f1211,8.285505294799805
f518,8.25085735321045
f1283,8.25064754486084
f664,8.23045825958252
f1685,8.21274471282959
f1057,8.156879425048828
f1265,8.152336120605469
f1267,8.145305633544922
f1050,8.137760162353516
f933,8.120549201965332
f441,8.113710403442383
f1198,8.112700462341309
f2007,8.10362720489502
f1994,8.102167129516602
f1181,8.0972900390625
f851,8.095715522766113
f736,8.066030502319336
f1363,8.057817459106445
f156,8.052247047424316
f1338,8.027267456054688
f1561,8.021523475646973
f480,7.975889682769775
f1235,7.96645450592041
f316,7.935624122619629
f109,7.932523250579834
f578,7.915683746337891
f1753,7.909158706665039
f931,7.901028633117676
f1358,7.877501010894775
f1100,7.86460542678833
f842,7.852867126464844
f1477,7.84619665145874
f425,7.8225812911987305
f682,7.82196569442749
f1770,7.80588960647583
f85,7.8002424240112305
f427,7.781643867492676
f493,7.77648401260376
f1855,7.773779392242432
f1232,7.718301773071289
f843,7.69846773147583
f1088,7.69202995300293
f1924,7.688430309295654
f719,7.678977966308594
f1608,7.671221733093262
f1565,7.653420925140381
f409,7.629822254180908
f1836,7.621803283691406
f2023,7.610107421875
f1705,7.5875725746154785
f1546,7.54646635055542
f297,7.546125411987305
f1032,7.54321813583374
f1067,7.512937545776367
f1843,7.509285926818848
f460,7.4941840171813965
f1018,7.469651222229004
f1278,7.466888427734375
f488,7.428834438323975
f547,7.420393466949463
f961,7.40775203704834
f927,7.394944190979004
f608,7.370489597320557
f1058,7.365477561950684
f1204,7.35162878036499
f563,7.344882488250732
f591,7.3420257568359375
f110,7.341217994689941
f40,7.334479808807373
f1823,7.308801174163818
f962,7.303157329559326
f1811,7.29078483581543
f364,7.2664899826049805
f1038,7.263416767120361
f1277,7.247011661529541
f450,7.2442240715026855
f1491,7.228118896484375
f1782,7.216498374938965
f1480,7.21546745300293
f1416,7.214601993560791
f231,7.205402374267578
f1548,7.2024736404418945
f829,7.191690921783447
f1750,7.1908392906188965
f69,7.1662983894348145
f666,7.158410549163818
f1876,7.153897762298584
f1592,7.148955821990967
f1635,7.148278713226318
f690,7.136741638183594
f1678,7.127706050872803
f903,7.105780124664307
f1313,7.101441383361816
f408,7.057293891906738
f1935,7.054654598236084
f35,7.054214000701904
f319,7.044708728790283
f419,7.042583465576172
f794,7.029008865356445
f1331,7.020936012268066
f917,7.016379356384277
f1588,7.004289150238037
f588,6.9773454666137695
f66,6.977226734161377
f1410,6.968116283416748
f41,6.967832088470459
f240,6.96267557144165
f1818,6.961065769195557
f1523,6.9466962814331055
f1224,6.9436259269714355
f101,6.9405646324157715
f368,6.9229416847229
f468,6.917669773101807
f255,6.915034294128418
f1840,6.9007415771484375
f586,6.895823001861572
f62,6.893075942993164
f416,6.892267227172852
f442,6.88442325592041
f429,6.874528408050537
f1178,6.866415023803711
f1748,6.8638787269592285
f841,6.855062484741211
f1903,6.843900203704834
f924,6.834994316101074
f653,6.830766677856445
f1359,6.828338146209717
f788,6.808202266693115
f1779,6.8053131103515625
f1662,6.786102294921875
f1966,6.776082515716553
f916,6.776008129119873
f317,6.771421432495117
f1458,6.762539863586426
f322,6.759746074676514
f1856,6.749397277832031
f742,6.741920471191406
f735,6.741447448730469
f497,6.74066686630249
f514,6.734582424163818
f963,6.731421947479248
f2056,6.726981163024902
f1560,6.7261176109313965
f203,6.705033302307129
f164,6.689575672149658
f167,6.661163330078125
f1605,6.658673286437988
f152,6.6245598793029785
f58,6.6224365234375
f1348,6.617835998535156
f1553,6.613195419311523
f312,6.611532211303711
f410,6.608049392700195
f1279,6.606484889984131
f1240,6.6018900871276855
f875,6.598318576812744
f752,6.572317123413086
f1722,6.567098617553711
f727,6.552399158477783
f1275,6.544058322906494
f1771,6.53100061416626
f541,6.528740882873535
f1442,6.525482177734375
f1310,6.523563861846924
f1297,6.512910842895508
f157,6.504354953765869
f876,6.492966175079346
f210,6.484495639801025
f1028,6.471275806427002
f1387,6.471066951751709
f1514,6.4697585105896
f1083,6.458500385284424
f1312,6.422006130218506
f624,6.411886692047119
f773,6.406456470489502
f640,6.402592182159424
f1947,6.3968658447265625
f1585,6.395777702331543
f629,6.391951084136963
f166,6.390678405761719
f857,6.385490417480469
f391,6.37752628326416
f1949,6.36142110824585
f1145,6.355961322784424
f380,6.354610919952393
f1670,6.351531505584717
f1189,6.343398094177246
f946,6.338325023651123
f555,6.326032638549805
f206,6.313319683074951
f1895,6.305845260620117
f1388,6.289834499359131
f1481,6.280089378356934
f837,6.275684833526611
f709,6.273552417755127
f1144,6.269107818603516
f1307,6.267697334289551
f366,6.2670793533325195
f413,6.264307975769043
f1711,6.259376049041748
f1250,6.255796432495117
f2040,6.248335361480713
f1686,6.234560489654541
f815,6.226365566253662
f1680,6.21845006942749
f1609,6.217674732208252
f1725,6.2164692878723145
f906,6.207115173339844
f647,6.195664882659912
f808,6.18992805480957
f537,6.175232410430908
f1674,6.175143241882324
f1996,6.164621353149414
f1383,6.122936248779297
f1041,6.087852954864502
f1236,6.086035251617432
f1069,6.084043025970459
f1440,6.0755815505981445
f221,6.069104194641113
f1845,6.065542697906494
f1617,6.064493656158447
f1989,6.037870407104492
f1676,6.031496524810791
f24,6.027646541595459
f1071,6.025268077850342
f667,6.0241827964782715
f1321,6.018805027008057
f309,6.002896785736084
f1062,5.997443199157715
f350,5.9955339431762695
f105,5.993638515472412
f1357,5.9934210777282715
f672,5.987359046936035
f1268,5.984394550323486
f1755,5.963403224945068
f2011,5.962167263031006
f700,5.959189414978027
f173,5.941622734069824
f1981,5.927626132965088
f1929,5.919948577880859
f339,5.916960716247559
f628,5.91192102432251
f645,5.891993522644043
f540,5.886080741882324
f1689,5.86568546295166
f393,5.864370346069336
f126,5.861178398132324
f1759,5.856454849243164
f1983,5.85076904296875
f459,5.847717761993408
f1344,5.83035945892334
f626,5.824859619140625
f1135,5.818580627441406
f183,5.814216136932373
f670,5.8109211921691895
f1597,5.799139022827148
f385,5.799065589904785
f1302,5.796163558959961
f756,5.792986869812012
f619,5.789821147918701
f1274,5.767963409423828
f1474,5.748904228210449
f950,5.7236127853393555
f1385,5.70326042175293
f539,5.692863464355469
f1787,5.690922737121582
f986,5.654973983764648
f1708,5.6471848487854
f444,5.643678665161133
f70,5.632190704345703
f323,5.624535083770752
f722,5.619493007659912
f299,5.608529090881348
f1920,5.601898193359375
f1852,5.597389221191406
f423,5.595374584197998
f222,5.594417095184326
f1886,5.581332683563232
f492,5.581240177154541
f1977,5.578878402709961
f338,5.566934108734131
f706,5.542032718658447
f1982,5.5329790115356445
f511,5.524077415466309
f1621,5.51521110534668
f823,5.513445854187012
f1389,5.5084357261657715
f738,5.5070481300354
f1661,5.49630069732666
f1534,5.4956207275390625
f1216,5.482044696807861
f1270,5.478938102722168
f340,5.477741718292236
f1601,5.476500511169434
f1034,5.4532318115234375
f212,5.4476213455200195
f572,5.442297458648682
f1896,5.434946060180664
f1775,5.4322075843811035
f1168,5.429758071899414
f387,5.429174423217773
f420,5.428448677062988
f1453,5.415056228637695
f714,5.407408237457275
f797,5.401175022125244
f1757,5.394437789916992
f495,5.387871742248535
f445,5.378451347351074
f454,5.35587215423584
f1564,5.348282814025879
f1790,5.344837665557861
f1988,5.343642234802246
f1260,5.333338737487793
f1867,5.332488536834717
f1421,5.328335285186768
f1971,5.322846412658691
f1937,5.309378147125244
f121,5.304924011230469
f1399,5.299896717071533
f1762,5.29360294342041
f1938,5.290282249450684
f1233,5.287510871887207
f758,5.273468017578125
f701,5.255014419555664
f1086,5.248605251312256
f1238,5.242870330810547
f769,5.241607189178467
f892,5.240806579589844
f1134,5.238909721374512
f2005,5.236963272094727
f279,5.2131524085998535
f501,5.179340839385986
f800,5.173255443572998
f663,5.173035621643066
f1402,5.163626194000244
f2032,5.161083221435547
f1471,5.155622482299805
f740,5.150899410247803
f802,5.149195671081543
f10,5.14589262008667
f913,5.136900901794434
f683,5.130167484283447
f184,5.127914905548096
f1099,5.112902641296387
f78,5.0999579429626465
f544,5.098814964294434
f1373,5.0986857414245605
f1528,5.0797576904296875
f1354,5.075878620147705
f781,5.070077896118164
f1093,5.069911956787109
f1846,5.065474033355713
f1095,5.053768157958984
f680,5.050446510314941
f42,5.045234203338623
f1545,5.02984094619751
f1457,5.011845588684082
f1159,5.003803730010986
f1838,4.984175682067871
f388,4.977560520172119
f1517,4.975015163421631
f2053,4.954170227050781
f601,4.947155952453613
f1967,4.940101623535156
f745,4.924056053161621
f1066,4.915683746337891
f291,4.91146993637085
f1382,4.906392574310303
f324,4.900263786315918
f1754,4.896098613739014
f1182,4.895007133483887
f1764,4.886892318725586
f30,4.885766506195068
f377,4.882486820220947
f1333,4.876932621002197
f614,4.874049186706543
f304,4.869601249694824
f834,4.864043712615967
f606,4.846278667449951
f651,4.83597469329834
f1349,4.834414958953857
f11,4.8278632164001465
f2025,4.805763244628906
f1257,4.803683280944824
f1164,4.7805633544921875
f1221,4.7767229080200195
f780,4.769321441650391
f171,4.766459941864014
f378,4.756563186645508
f1447,4.73512077331543
f1248,4.72954797744751
f417,4.727713584899902
f2036,4.715826988220215
f1415,4.697661399841309
f766,4.6939826011657715
f143,4.675637245178223
f2051,4.673033714294434
f691,4.669697284698486
f490,4.651792049407959
f583,4.643543243408203
f1975,4.630558967590332
f790,4.594664096832275
f956,4.581750392913818
f1229,4.577832221984863
f1682,4.574177265167236
f1461,4.571657180786133
f217,4.565539360046387
f1738,4.54979133605957
f1199,4.541404724121094
f270,4.5331854820251465
f400,4.532870292663574
f1835,4.528234481811523
f863,4.5207624435424805
f373,4.518261432647705
f177,4.516787052154541
f1197,4.508687496185303
f185,4.485953330993652
f1444,4.485429763793945
f1777,4.464480400085449
f688,4.4631428718566895
f768,4.462825775146484
f1218,4.448917388916016
f80,4.448059558868408
f17,4.423304557800293
f536,4.400825500488281
f820,4.396835803985596
f1,4.392157554626465
f1518,4.3852081298828125
f276,4.363879203796387
f721,4.326308727264404
f168,4.318671226501465
f1691,4.3024139404296875
f374,4.298165798187256
f1780,4.277764320373535
f567,4.26203727722168
f9,4.223596096038818
f1979,4.194018363952637
f137,4.190279960632324
f1360,4.164051055908203
f1016,4.147749900817871
f649,4.144946575164795
f0,4.135916709899902
f1425,4.133753776550293
f140,4.113123893737793
f3,4.099222660064697
f401,4.071772575378418
f909,4.059413909912109
f1563,4.032485485076904
f826,4.015186786651611
f127,4.0091142654418945
f1244,4.000391483306885
f1172,3.9615044593811035
f1913,3.960871696472168
f1816,3.94313907623291
f1891,3.8962254524230957
f569,3.7878684997558594
f2049,3.7351114749908447
f1000,3.6664724349975586
f298,3.595261573791504
f1114,3.5576705932617188
f1280,3.5546674728393555
f704,3.319833278656006
f1657,3.314560890197754
f22,3.213170289993286
f144,3.116623878479004
f4,3.0999367237091064
f7,2.8912625312805176
f581,2.8549537658691406
f310,2.6664133071899414
f859,2.6658520698547363
f159,2.5809500217437744
f8,2.5793840885162354
f1596,2.323761224746704
f5,2.1455485820770264
f456,1.5824222564697266
f726,1.4744281768798828
f1033,0.3558349609375
