,ANTROPOLOGIA / ARQUEOLOGIA,CIÊNCIA POLÍTICA E RELAÇÕES INTERNACIONAIS,CIÊNCIAS DA RELIGIÃO E TEOLOGIA,EDUCAÇÃO,FILOSOFIA,GEOGRAFIA,HISTÓRIA,PSICOLOGIA,SOCIOLOGIA
ANTROPOLOGIA / ARQUEOLOGIA,496,33,48,23,18,33,58,33,63
CIÊNCIA POLÍTICA E RELAÇÕES INTERNACIONAIS,15,506,13,32,24,48,40,18,109
CIÊNCIAS DA RELIGIÃO E TEOLOGIA,25,11,607,33,36,10,30,31,23
EDUCAÇÃO,12,22,11,563,24,20,70,46,37
FILOSOFIA,31,38,31,15,541,11,65,34,40
GEOGRAFIA,22,58,12,21,11,582,28,24,47
HISTÓRIA,35,74,48,50,38,28,428,32,72
PSICOLOGIA,23,32,16,38,28,25,35,544,64
SOCIOLOGIA,86,146,37,56,19,57,70,46,288
