especialista,documentos,documentos_balanceados,treino,accuracy,balanced_accuracy,f1_macro,f1_weighted
CIÊNCIAS AGRÁRIAS,94136,43888,30721,0.7065613608748481,0.7065613608748481,0.7056587963434428,0.7056587963434428
CIÊNCIAS BIOLÓGICAS,62510,30088,21061,0.5657953035002216,0.5658046410241914,0.5554381824847862,0.5554287149223516
CIÊNCIAS DA SAÚDE,154744,48816,34171,0.4719377304383449,0.47198674689449605,0.4633774544045541,0.46332491940655957
CIÊNCIAS EXATAS E DA TERRA,82086,49930,34951,0.6813084112149532,0.6813084112149532,0.6819987573332512,0.6819987573332512
CIÊNCIAS HUMANAS,168181,48312,33818,0.6285359459086518,0.6285128616124409,0.6279497173879303,0.6279758891376018
CIÊNCIAS SOCIAIS APLICADAS,147362,49651,34755,0.6676960257787325,0.6676960257787325,0.6659133920813156,0.6659133920813156
ENGENHARIAS,99003,86380,60466,0.5807671528903295,0.580770504347097,0.5792771652809156,0.5792765921322972
"LINGUÍSTICA, LETRAS E ARTES",61465,25644,17950,0.9292955549779048,0.9292916311247045,0.92927892052462,0.9292792024645062
MULTIDISCIPLINAR,140743,31900,22330,0.7011494252873564,0.7011494252873562,0.6955118870283747,0.6955118870283749
